"";"departement";"num_dptt";"region";"superf_dptt";"0_4ans";"5_9ans";"10_14ans";"15_19ans";"20_24ans";"25_29ans";"30_34ans";"35_39ans";"40_44ans";"45_49ans";"50_54ans";"55_59ans";"60_64ans";"65_69ans";"70_74ans";"75_79ans";"80_84ans";"85_89ans";"90_94ans";"95plus";"tot";"M_0_4ans";"M_5_9ans";"M_10_14ans";"M_15_19ans";"M_20_24ans";"M_25_29ans";"M_30_34ans";"M_35_39ans";"M_40_44ans";"M_45_49ans";"M_50_54ans";"M_55_59ans";"M_60_64ans";"M_65_69ans";"M_70_74ans";"M_75_79ans";"M_80_84ans";"M_85_89ans";"M_90_94ans";"M_95plus";"M_tot";"F_0_4ans";"F_5_9ans";"F_10_14ans";"F_15_19ans";"F_20_24ans";"F_25_29ans";"F_30_34ans";"F_35_39ans";"F_40_44ans";"F_45_49ans";"F_50_54ans";"F_55_59ans";"F_60_64ans";"F_65_69ans";"F_70_74ans";"F_75_79ans";"F_80_84ans";"F_85_89ans";"F_90_94ans";"F_95plus";"F_tot"
"1";"Ain";"01";"Auvergne-Rhône-Alpes";5762;38356;44645;45142;39523;30676;34820;41119;44469;42065;47613;46270;43521;38384;35116;30953;20058;15538;11292;5589;1806;656955;19791;22874;23177;20754;15955;17227;20133;21898;20524;23662;23406;21680;18537;17070;14598;9460;6581;4089;1623;306;323345;18565;21771;21965;18769;14721;17593;20986;22571;21541;23951;22864;21841;19847;18046;16355;10598;8957;7203;3966;1500;333610
"2";"Aisne";"02";"Hauts-de-France";7369;28189;34123;35280;32260;25211;26232;30371;32228;30139;34673;34539;35813;34901;34176;28969;16402;14644;10983;5402;1515;526050;14436;17333;18295;16839;13004;13153;15031;16050;14906;17353;17144;17658;16899;16640;13704;7346;5685;3775;1422;304;256977;13753;16790;16985;15421;12207;13079;15340;16178;15233;17320;17395;18155;18002;17536;15265;9056;8959;7208;3980;1211;269073
"3";"Allier";"03";"Auvergne-Rhône-Alpes";7340;14190;16681;18162;17626;13719;14422;15801;17548;17495;21969;22492;23348;23776;25182;23121;15099;13300;10277;5264;1843;331315;7188;8496;9179;9305;7274;7630;7752;8631;8505;10726;11136;11243;11289;11647;10638;6747;5338;3626;1448;414;158212;7002;8185;8983;8321;6445;6792;8049;8917;8990;11243;11356;12105;12487;13535;12483;8352;7962;6651;3816;1429;173103
"4";"Alpes-de-Haute-Provence";"04";"Provence-Alpes-Côte d'Azur";6925;7352;8868;9301;8760;6179;7090;8347;9198;8860;10665;11729;12169;12510;11975;11196;7612;6090;4337;2175;784;165197;3754;4718;4824;4720;3254;3697;4143;4345;4282;5283;5711;5840;6132;5976;5236;3567;2600;1712;648;170;80612;3598;4150;4477;4040;2925;3393;4204;4853;4578;5382;6018;6329;6378;5999;5960;4045;3490;2625;1527;614;84585
"5";"Alpes-Maritimes";"06";"Provence-Alpes-Côte d'Azur";4299;53718;56870;58706;57568;52457;53360;61189;65808;64993;71074;73015;73167;67948;65935;64545;49474;39221;29176;15530;5642;1079396;27314;28931;29779;29142;26649;25977;29116;31811;31649;34693;34917;34868;31582;30297;28826;21103;16080;10820;4623;1193;509370;26404;27939;28927;28426;25808;27383;32073;33997;33344;36381;38098;38299;36366;35638;35719;28371;23141;18356;10907;4449;570026
"6";"Ardèche";"07";"Auvergne-Rhône-Alpes";5529;15100;18154;19644;17696;12491;13765;16577;18260;18826;22671;23201;23462;23577;23453;21460;13721;11026;8202;4147;1442;326875;7762;9321;10058;9201;6472;7031;8211;8865;9204;11341;11551;11682;11603;11413;10357;6312;4756;2986;1195;274;159595;7338;8833;9586;8495;6019;6734;8366;9395;9622;11330;11650;11780;11974;12040;11103;7409;6270;5216;2952;1168;167280
"7";"Ardennes";"08";"Grand Est";5229;13099;15286;16585;15367;12224;13085;15209;15352;15141;17747;18362;19209;18636;17922;15463;8669;8469;6158;2738;810;265531;6640;7580;8629;8111;6370;6588;7496;7538;7411;8921;9068;9677;8886;8630;7305;3914;3381;2131;696;177;129149;6459;7706;7956;7256;5854;6497;7713;7814;7730;8826;9294;9532;9750;9292;8158;4755;5088;4027;2042;633;136382
"8";"Ariège";"09";"Occitanie";4890;6587;7745;8645;7741;6303;6679;7499;8299;8637;10160;10492;11143;11336;11303;10028;6375;5571;4586;2343;926;152398;3284;3988;4494;4022;3430;3666;3786;4065;4244;4968;5106;5537;5588;5622;4901;2927;2400;1752;735;206;74721;3303;3757;4151;3719;2873;3013;3713;4234;4393;5192;5386;5606;5748;5681;5127;3448;3171;2834;1608;720;77677
"9";"Aube";"10";"Grand Est";6004;16179;18930;20237;19167;16616;16549;18049;18535;18033;20361;19671;19880;19401;19343;17592;10554;9212;6942;3457;1199;309907;8216;9722;10461;10218;8666;8018;8827;9101;8798;10059;9696;9831;9301;9123;8220;4693;3668;2315;915;268;150116;7963;9208;9776;8949;7950;8531;9222;9434;9235;10302;9975;10049;10100;10220;9372;5861;5544;4627;2542;931;159791
"10";"Aude";"11";"Occitanie";6139;16558;20110;22016;19960;15377;15409;18697;20687;21001;24680;25596;25652;26525;27686;25828;16823;12997;10162;5146;1795;372705;8478;10268;11151;10450;7899;7481;9078;9748;10180;11954;12550;12489;12793;13232;12200;7721;5618;3735;1562;377;178964;8080;9842;10865;9510;7478;7928;9619;10939;10821;12726;13046;13163;13732;14454;13628;9102;7379;6427;3584;1418;193741
"11";"Aveyron";"12";"Occitanie";8735;11791;14098;15555;14496;10974;11329;13357;15367;15319;18058;19487;20196;20219;20502;18733;12213;11602;9110;4525;1429;278360;6095;7307;7874;7852;6172;5836;6602;7575;7834;9110;9816;10209;10044;10094;9101;5634;4890;3417;1451;360;137273;5696;6791;7681;6644;4802;5493;6755;7792;7485;8948;9671;9987;10175;10408;9632;6579;6712;5693;3074;1069;141087
"12";"Bas-Rhin";"67";"Grand Est";4755;58954;64003;65276;69872;73230;68258;71174;72728;68089;76859;78803;76910;71470;65531;51149;36563;30523;20858;9286;3071;1132607;30237;32998;33358;34774;36338;34043;34957;35396;33573;37735;39327;37554;34069;31657;24321;16694;12559;7209;2372;622;549793;28717;31005;31918;35098;36892;34215;36217;37332;34516;39124;39476;39356;37401;33874;26828;19869;17964;13649;6914;2449;582814
"13";"Bouches-du-Rhône";"13";"Provence-Alpes-Côte d'Azur";5088;115829;122467;120006;122613;116221;113164;125142;129220;122252;134388;135108;130541;120563;115967;105855;76830;57856;42173;20959;7315;2034469;59434;62947;61123;62564;57900;56161;60271;62210;58785;64694;64639;62445;56996;53187;48255;34425;24110;15022;5905;1713;972786;56395;59520;58883;60049;58321;57003;64871;67010;63467;69694;70469;68096;63567;62780;57600;42405;33746;27151;15054;5602;1061683
"14";"Calvados";"14";"Normandie";5548;32713;39456;42299;45924;41728;34960;38139;40532;39604;45360;44576;44709;45437;45564;39971;23384;20721;15604;7691;3081;691453;16621;20158;21831;23573;21082;17362;18752;19661;19553;22382;21845;21508;21392;21374;18415;10059;8135;5210;1957;544;331414;16092;19298;20468;22351;20646;17598;19387;20871;20051;22978;22731;23201;24045;24190;21556;13325;12586;10394;5734;2537;360039
"15";"Cantal";"15";"Auvergne-Rhône-Alpes";5726;5285;6563;7543;7180;5417;5406;6557;7574;7802;9400;10123;11072;11135;11435;10127;6453;6026;4710;2369;634;142811;2732;3301;3773;3708;2882;2761;3319;3715;4042;4752;5174;5543;5624;5689;4919;2903;2531;1674;685;97;69824;2553;3262;3770;3472;2535;2645;3238;3859;3760;4648;4949;5529;5511;5746;5208;3550;3495;3036;1684;537;72987
"16";"Charente-Maritime";"17";"Nouvelle-Aquitaine";6864;26217;32589;35837;35975;27433;25772;31032;35599;35085;43320;42748;43161;47547;51529;47920;30024;24613;18135;9480;3064;647080;13173;16729;18410;19124;14596;12889;15136;17140;17108;21202;20822;20439;22142;24052;22243;13594;10299;6607;2747;702;309154;13044;15860;17427;16851;12837;12883;15896;18459;17977;22118;21926;22722;25405;27477;25677;16430;14314;11528;6733;2362;337926
"17";"Charente";"16";"Nouvelle-Aquitaine";5956;15081;18130;19812;18301;15646;16488;17742;19479;19054;23365;23804;24963;25626;25227;22007;14324;12734;9696;5000;1701;348180;7612;9255;10277;9536;8207;8149;8808;9684;9299;11493;11698;12082;12269;12022;10455;6444;5490;3598;1478;358;168214;7469;8875;9535;8765;7439;8339;8934;9795;9755;11872;12106;12881;13357;13205;11552;7880;7244;6098;3522;1343;179966
"18";"Cher";"18";"Centre-Val de Loire";7235;13630;15979;16802;15522;12418;13223;15206;16346;15536;19765;20476;21135;21471;21413;20101;12438;11007;8258;4018;1660;296404;6872;8100;8578;8018;6775;6750;7394;8011;7853;9713;10116;10393;10367;10219;9587;5765;4594;2936;1121;327;143489;6758;7879;8224;7504;5643;6473;7812;8335;7683;10052;10360;10742;11104;11194;10514;6673;6413;5322;2897;1333;152915
"19";"Corrèze";"19";"Nouvelle-Aquitaine";5857;9787;12051;13037;13271;10190;10380;11649;12837;13486;15681;16065;16954;17701;18195;16310;10544;9490;7535;3818;1355;240336;5096;6287;6542;7315;5582;5478;5786;6319;6706;7861;8060;8246;8462;8686;7633;4663;3879;2707;1042;251;116601;4691;5764;6495;5956;4608;4902;5863;6518;6780;7820;8005;8708;9239;9509;8677;5881;5611;4828;2776;1104;123735
"20";"Corse-du-Sud";"2A";"Corse";4014;7413;8580;8373;7264;6409;7844;9792;10865;10371;11673;11805;11463;10671;10602;9731;7933;5662;3769;1719;482;162421;3936;4407;4412;3718;3206;3850;4460;5143;5082;5764;5719;5636;5212;5147;4503;3694;2559;1424;529;122;78523;3477;4173;3961;3546;3203;3994;5332;5722;5289;5909;6086;5827;5459;5455;5228;4239;3103;2345;1190;360;83898
"21";"Côte-d'Or";"21";"Bourgogne-Franche-Comté";8763;25826;29383;30614;35810;35862;29584;31350;31518;30407;35419;34491;34197;33480;32324;29647;18184;15202;11411;6007;2170;532886;12911;15010;15774;17838;17624;14970;15528;15163;14800;17411;16955;16359;15864;15401;13864;8275;6155;4143;1719;422;256186;12915;14373;14840;17972;18238;14614;15822;16355;15607;18008;17536;17838;17616;16923;15783;9909;9047;7268;4288;1748;276700
"22";"Côtes-d'Armor";"22";"Bretagne";6878;27035;33070;36493;34619;24191;23678;28815;31991;32815;39989;39778;40675;43408;44297;40776;24257;22722;16763;8347;2467;596186;13650;16677;18522;18198;12759;11883;14181;15721;16141;19907;19644;20045;21289;21150;19240;10946;9105;5792;2176;420;287446;13385;16393;17971;16421;11432;11795;14634;16270;16674;20082;20134;20630;22119;23147;21536;13311;13617;10971;6171;2047;308740
"23";"Creuse";"23";"Nouvelle-Aquitaine";5565;4191;5159;5910;5506;4185;4492;5099;5612;5901;7470;8138;8893;9821;9849;8970;5131;4965;4070;2233;675;116270;2093;2567;2999;2953;2296;2245;2612;2839;2920;3828;4162;4342;4839;4921;4383;2373;1914;1443;603;160;56492;2098;2592;2911;2553;1889;2247;2487;2773;2981;3642;3976;4551;4982;4928;4587;2758;3051;2627;1630;515;59778
"24";"Deux-Sèvres";"79";"Nouvelle-Aquitaine";5999;17785;21847;24096;21378;15916;16506;19299;21883;21861;25378;25437;26163;25727;24538;21802;13843;12581;9834;4922;1831;372627;9053;11056;12437;11294;8582;8479;9469;10636;10772;12631;12454;12800;12522;11836;10495;6306;5313;3705;1504;397;181741;8732;10791;11659;10084;7334;8027;9830;11247;11089;12747;12983;13363;13205;12702;11307;7537;7268;6129;3418;1434;190886
"25";"Dordogne";"24";"Nouvelle-Aquitaine";9060;15506;19080;21715;20129;15080;15932;18449;20740;21702;26590;28426;30684;32291;33389;30858;19184;16771;13234;6540;2093;408393;7917;9780;11139;10472;8096;8027;9245;10222;10445;13078;13878;14876;15634;16079;14697;8845;7173;5009;2050;419;197081;7589;9300;10576;9657;6984;7905;9204;10518;11257;13512;14548;15808;16657;17310;16161;10339;9598;8225;4490;1674;211312
"26";"Doubs";"25";"Bourgogne-Franche-Comté";5233;29568;33510;34450;35054;32820;30431;32716;34537;32342;34997;34491;33290;31706;30203;28593;17681;15351;11085;5074;1550;539449;15137;17085;17732;18039;16990;15461;16166;17159;16226;17530;17328;16203;14925;14230;13640;8079;6283;3884;1486;371;263954;14431;16425;16718;17015;15830;14970;16550;17378;16116;17467;17163;17087;16781;15973;14953;9602;9068;7201;3588;1179;275495
"27";"Drôme";"26";"Auvergne-Rhône-Alpes";6530;27732;32309;34220;30812;23171;24822;30263;32199;30447;34608;35163;34120;33560;32308;29997;19941;15868;11563;5595;1862;520560;14188;16682;17345;15829;12210;12431;14735;15570;14796;17070;17206;16487;16208;15252;13778;8916;6825;4098;1724;399;251749;13544;15627;16875;14983;10961;12391;15528;16629;15651;17538;17957;17633;17352;17056;16219;11025;9043;7465;3871;1463;268811
"28";"Essonne";"91";"Île-de-France";1804;89697;92270;91516;86850;82723;81175;86556;88424;86864;92983;87356;82192;68442;57526;50951;33960;27603;20193;9108;3012;1319401;46006;46644;46265;45228;43418;39767;40896;42423;42896;46366;43508;40548;33495;27070;23311;15196;11458;7658;2599;705;645457;43691;45626;45251;41622;39305;41408;45660;46001;43968;46617;43848;41644;34947;30456;27640;18764;16145;12535;6509;2307;673944
"29";"Eure-et-Loir";"28";"Centre-Val de Loire";5880;24097;27820;28997;25352;18454;20894;24365;26904;26130;29640;29061;28694;27002;26418;23002;13878;12263;9344;5004;2106;429425;12313;14144;14768;13235;9626;10691;11824;13072;12906;14802;14576;14140;12865;12842;10932;6180;5162;3415;1672;449;209614;11784;13676;14229;12117;8828;10203;12541;13832;13224;14838;14485;14554;14137;13576;12070;7698;7101;5929;3332;1657;219811
"30";"Eure";"27";"Normandie";6040;33179;39766;41607;37193;26990;28567;35019;38282;37357;42662;40943;39819;38454;36662;31470;18731;15575;11147;5338;1926;600687;16731;20130;21232;19756;14091;14100;17034;18412;18356;21340;20389;19360;18409;17584;14892;8309;6417;3912;1482;380;292316;16448;19636;20375;17437;12899;14467;17985;19870;19001;21322;20554;20459;20045;19078;16578;10422;9158;7235;3856;1546;308371
"31";"Finistère";"29";"Bretagne";6733;41580;49680;53993;56079;47460;42569;47400;52428;51961;61838;60773;62736;63508;60999;54208;32298;30862;22639;10612;2931;906554;21370;25640;27723;28949;25192;22138;23989;26188;26052;31325;30281;30851;30664;29144;24811;13850;11776;7419;2758;531;440651;20210;24040;26270;27130;22268;20431;23411;26240;25909;30513;30492;31885;32844;31855;29397;18448;19086;15220;7854;2400;465903
"32";"Gard";"30";"Occitanie";5853;37678;42949;45572;44416;35470;34641;40343;44026;42818;49090;51768;51753;50969;50457;45688;30153;22189;16956;8275;3257;748468;19520;21591;23279;23089;18564;17276;19567;21098;20615;23851;25471;24462;24230;24318;21128;13520;9298;6390;2441;663;360371;18158;21358;22293;21327;16906;17365;20776;22928;22203;25239;26297;27291;26739;26139;24560;16633;12891;10566;5834;2594;388097
"33";"Gers";"32";"Occitanie";6257;7650;9623;10713;9595;6596;7305;8809;10004;10400;12858;13581;14392;14418;14445;13008;8613;7534;6087;3232;1177;190040;3974;4962;5493;5081;3510;3721;4249;4852;5056;6373;6820;7179;6975;7028;6361;4040;3179;2417;1023;241;92534;3676;4661;5220;4514;3086;3584;4560;5152;5344;6485;6761;7213;7443;7417;6647;4573;4355;3670;2209;936;97506
"34";"Gironde";"33";"Nouvelle-Aquitaine";9976;83937;94854;97261;104265;107101;96491;102812;108724;105140;114993;105694;99492;94195;91164;82221;51472;40705;31174;16272;5473;1633440;42566;48505;49817;53404;52613;47871;49638;52837;51893;56804;51639;47662;44411;42010;37472;22863;16777;10820;4490;1212;785304;41371;46349;47444;50861;54488;48620;53174;55887;53247;58189;54055;51830;49784;49154;44749;28609;23928;20354;11782;4261;848136
"35";"Guadeloupe";"971";"Guadeloupe";1628;18024;22110;25964;24519;17763;16795;17790;19359;20971;27957;29679;30845;27495;23618;19823;13239;9576;6432;3416;1504;376879;9077;11078;13230;12259;8871;7819;7208;7613;8467;11809;13065;14195;12985;10993;8965;5696;3860;2515;1091;419;171215;8947;11032;12734;12260;8892;8976;10582;11746;12504;16148;16614;16650;14510;12625;10858;7543;5716;3917;2325;1085;205664
"36";"Guyane";"973";"Guyane";83534;32085;29958;30855;27783;20476;19945;20042;19560;18086;16671;14299;12727;10200;7246;4665;2703;1632;1089;448;221;290691;15997;14923;15589;13679;9830;9133;9216;9110;8491;8102;7230;6327;5059;3611;2346;1245;672;400;154;30;141144;16088;15035;15266;14104;10646;10812;10826;10450;9595;8569;7069;6400;5141;3635;2319;1458;960;689;294;191;149547
"37";"Haut-Rhin";"68";"Grand Est";3525;40363;45549;46680;43225;37529;40567;45404;48786;46839;54040;54862;53411;50002;46609;37574;26401;21457;15259;6698;1949;763204;21098;23609;23969;22438;19255;20405;22218;23712;23060;26856;27633;26325;24239;22359;18206;12196;8978;5429;1816;344;374145;19265;21940;22711;20787;18274;20162;23186;25074;23779;27184;27229;27086;25763;24250;19368;14205;12479;9830;4882;1605;389059
"38";"Haute-Corse";"2B";"Corse";4666;8250;9501;9636;9538;9545;9563;11151;11816;10850;12311;12610;12092;11790;12032;10849;8172;6066;3908;1979;599;182258;4122;4968;5005;4997;4865;4658;5225;5752;5225;6069;6173;5893;5641;5883;5169;3775;2700;1495;671;125;88411;4128;4533;4631;4541;4680;4905;5926;6064;5625;6242;6437;6199;6149;6149;5680;4397;3366;2413;1308;474;93847
"39";"Haute-Garonne";"31";"Occitanie";6309;78558;84158;82419;90615;107253;96416;96937;97983;90018;94322;89332;84843;72167;65865;59889;39232;31049;23842;11835;4202;1400935;39823;42663;42150;45511;52336;48320;47613;48864;45195;46701;44186;41858;34418;30681;27186;17452;12679;8805;3485;1015;680941;38735;41495;40269;45104;54917;48096;49324;49119;44823;47621;45146;42985;37749;35184;32703;21780;18370;15037;8350;3187;719994
"40";"Haute-Loire";"43";"Auvergne-Rhône-Alpes";4977;10473;12253;13831;13102;9201;9892;11614;12541;13074;15712;16082;16035;16538;15751;14568;8692;7870;5900;2866;906;226901;5363;6249;7105;6930;4997;5111;5869;6270;6518;7955;8170;8052;8224;7798;7009;3925;3243;1953;688;157;111586;5110;6004;6726;6172;4204;4781;5745;6271;6556;7757;7912;7983;8314;7953;7559;4767;4627;3947;2178;749;115315
"41";"Haute-Marne";"52";"Grand Est";6211;7524;9030;9520;8791;7740;8345;8795;9185;9015;10965;11688;12600;12592;12380;11009;6500;6220;4491;2183;677;169250;3951;4567;4785;4592;4310;4316;4460;4728;4510;5398;5870;6258;6018;5926;5205;2869;2638;1630;531;140;82702;3573;4463;4735;4199;3430;4029;4335;4457;4505;5567;5818;6342;6574;6454;5804;3631;3582;2861;1652;537;86548
"42";"Haute-Saône";"70";"Bourgogne-Franche-Comté";5360;10911;13309;14728;13478;9539;9950;12179;13643;13320;16433;16497;16593;16609;16317;14717;8819;7566;5285;2616;685;233194;5591;6789;7651;7115;5066;4963;6021;6671;6645;8271;8312;8150;8143;7930;7009;4008;3202;1919;832;165;114453;5320;6520;7077;6363;4473;4987;6158;6972;6675;8162;8185;8443;8466;8387;7708;4811;4364;3366;1784;520;118741
"43";"Haute-Savoie";"74";"Auvergne-Rhône-Alpes";4388;50236;54646;53427;45528;38186;50048;59055;62188;57140;59866;58047;52302;44341;41045;37053;24722;18649;13280;6587;2059;828405;25836;27877;27488;24146;20119;24696;29030;31070;28275;29988;28945;25798;21083;19229;17227;11046;7720;4619;1829;463;406484;24400;26769;25939;21382;18067;25352;30025;31118;28865;29878;29102;26504;23258;21816;19826;13676;10929;8661;4758;1596;421921
"44";"Haute-Vienne";"87";"Nouvelle-Aquitaine";5520;16882;19243;20465;22583;21012;17124;18713;20599;20579;24184;24628;25118;25026;25500;23660;14787;12884;10407;5456;1924;370774;8679;9671;10523;11253;10036;8479;8949;10113;10116;11766;12224;12045;11880;12003;10910;6526;5235;3773;1528;376;176085;8203;9572;9942;11330;10976;8645;9764;10486;10463;12418;12404;13073;13146;13497;12750;8261;7649;6634;3928;1548;194689
"45";"Hautes-Alpes";"05";"Provence-Alpes-Côte d'Azur";5549;6561;8021;8217;7481;5417;6298;7470;8530;8255;9545;9917;10112;10157;10059;8831;5786;4846;3584;1715;954;141756;3331;4049;4243;4042;2945;3213;3613;4171;3977;4730;4994;4991;4987;4911;4196;2709;2070;1362;529;168;69231;3230;3972;3974;3439;2472;3085;3857;4359;4278;4815;4923;5121;5170;5148;4635;3077;2776;2222;1186;786;72525
"46";"Hautes-Pyrénées";"65";"Occitanie";4464;9175;10945;11902;12817;9938;9487;10854;12094;11973;15025;15648;16683;17205;17101;15217;10138;8855;7019;3659;1104;226839;4758;5605;6096;6904;5672;4684;5245;5876;5903;7388;7774;7947;8154;8234;7171;4519;3597;2486;998;236;109247;4417;5340;5806;5913;4266;4803;5609;6218;6070;7637;7874;8736;9051;8867;8046;5619;5258;4533;2661;868;117592
"47";"Hauts-de-Seine";"92";"Île-de-France";176;101696;99977;97262;95049;101255;114932;121293;120091;112813;114326;104011;97632;79326;69102;62608;42778;34541;25366;13312;6392;1613762;51458;51198;49528;48040;49773;55412;58006;57800;54102;55228;48916;45793;36138;30930;27916;18169;14169;8598;3943;1173;766290;50238;48779;47734;47009;51482;59520;63287;62291;58711;59098;55095;51839;43188;38172;34692;24609;20372;16768;9369;5219;847472
"48";"Hérault";"34";"Occitanie";6101;60240;66947;68197;72874;77972;65836;70143;72348;69990;75563;74528;72713;69781;71456;67486;44508;33477;25650;12472;3964;1176145;30798;34020;35217;37190;38601;32133;33650;34659;33943;36894;35963;34389;32017;32828;30887;20341;13785;9579;3786;850;561530;29442;32927;32980;35684;39371;33703;36493;37689;36047;38669;38565;38324;37764;38628;36599;24167;19692;16071;8686;3114;614615
"49";"Ille-et-Vilaine";"35";"Bretagne";6775;59204;68790;71263;75172;72173;61845;66092;70583;68717;74536;69831;65526;59016;55998;50609;30280;28210;20958;9995;3275;1082073;30269;35495;36301;38330;36472;31053;32587;34882;34262;37568;34832;32785;28589;26397;23011;13170;11327;7263;2855;588;528036;28935;33295;34962;36842;35701;30792;33505;35701;34455;36968;34999;32741;30427;29601;27598;17110;16883;13695;7140;2687;554037
"50";"Indre-et-Loire";"37";"Centre-Val de Loire";6127;30767;35521;36520;39314;34419;30771;34865;36519;35130;40693;39734;38174;38120;37052;33451;21199;18613;14190;7477;2851;605380;15758;18016;18906;19562;16555;15472;16890;17932;17308;20287;19482;18665;18354;17199;15295;9410;7810;5029;2174;583;290687;15009;17505;17614;19752;17864;15299;17975;18587;17822;20406;20252;19509;19766;19853;18156;11789;10803;9161;5303;2268;314693
"51";"Indre";"36";"Centre-Val de Loire";6791;8766;10807;11857;11521;8901;8959;9939;10707;11344;14321;15047;15580;16697;16845;15444;9912;8950;6955;3485;1102;217139;4444;5513;6038;5975;4768;4471;4840;5193;5602;7134;7335;7603;8244;8109;7330;4428;3657;2453;996;229;104362;4322;5294;5819;5546;4133;4488;5099;5514;5742;7187;7712;7977;8453;8736;8114;5484;5293;4502;2489;873;112777
"52";"Isère";"38";"Auvergne-Rhône-Alpes";7432;70823;81216;83546;84392;74496;67727;75483;81024;79011;87827;84721;80819;73262;68087;60493;41745;32061;23224;11460;3562;1264979;35933;41444;43001;43571;38654;34195;37036;39622;39370;44087;42227;39491;35508;32185;28273;18899;13506;8484;3193;787;619466;34890;39772;40545;40821;35842;33532;38447;41402;39641;43740;42494;41328;37754;35902;32220;22846;18555;14740;8267;2775;645513
"53";"Jura";"39";"Bourgogne-Franche-Comté";4999;12428;14464;15818;14929;10873;11639;13683;14869;14756;17338;18210;18217;17732;17001;15842;10318;8496;6651;3440;1145;257849;6284;7299;8157;7765;5886;5810;6689;7335;7324;8536;9146;8974;8783;8108;7485;4683;3537;2341;993;273;125408;6144;7165;7661;7164;4987;5829;6994;7534;7432;8802;9064;9243;8949;8893;8357;5635;4959;4310;2447;872;132441
"54";"La Réunion";"974";"La Réunion";2504;57908;63783;68341;66111;49428;48787;51187;53381;55075;58540;64671;60926;49376;40475;27194;19499;13433;7382;3222;1240;859959;29139;32238;35119;33268;24557;22599;22280;23500;24814;27393;30968;29791;23515;19328;12631;8553;5074;2573;970;283;408593;28769;31545;33222;32843;24871;26188;28907;29881;30261;31147;33703;31135;25861;21147;14563;10946;8359;4809;2252;957;451366
"55";"Landes";"40";"Nouvelle-Aquitaine";9243;18009;22036;23803;21296;15333;17313;21196;24653;24849;29280;28927;29135;29228;30256;27412;17201;14473;10716;5201;1662;411979;9284;11294;12219;11186;8035;8612;10214;12074;12170;14463;14286;14324;13885;14430;12953;7797;6066;3925;1479;346;199042;8725;10742;11584;10110;7298;8701;10982;12579;12679;14817;14641;14811;15343;15826;14459;9404;8407;6791;3722;1316;212937
"56";"Loir-et-Cher";"41";"Centre-Val de Loire";6343;15114;18722;20375;18742;13606;14376;16675;18246;18422;22489;22653;22509;22728;22685;20510;12424;11993;9186;4768;1612;327835;7740;9535;10445;9766;7353;7210;8051;8991;9026;11166;11372;11082;10906;10833;9634;5631;5146;3381;1457;401;159126;7374;9187;9930;8976;6253;7166;8624;9255;9396;11323;11281;11427;11822;11852;10876;6793;6847;5805;3311;1211;168709
"57";"Loire-Atlantique";"44";"Pays de la Loire";6809;82679;93073;94510;93419;84245;83347;92391;97681;92044;98680;90838;86497;80388;78183;68887;41100;35960;25871;12742;4602;1437137;42444;47351;48608;48105;42533;41733;45942;47918;45515;49176;44924;42421;38050;36342;31421;17811;13972;8691;3335;909;697201;40235;45722;45902;45314;41712;41614;46449;49763;46529;49504;45914;44076;42338;41841;37466;23289;21988;17180;9407;3693;739936
"58";"Loire";"42";"Auvergne-Rhône-Alpes";4781;41994;47476;48339;48240;42037;38460;42235;45243;43483;50234;49112;47873;45737;46317;44186;28220;24897;18122;9518;3014;764737;21525;24649;24921;24775;21346;19073;20633;22218;21504;24986;24443;23172;21678;21729;20569;12694;10119;6294;2550;512;369390;20469;22827;23418;23465;20691;19387;21602;23025;21979;25248;24669;24701;24059;24588;23617;15526;14778;11828;6968;2502;395347
"59";"Loiret";"45";"Centre-Val de Loire";6775;38709;44474;45475;43687;36553;36199;40426;42170;40906;46211;44337;43163;40935;39320;35729;21933;19097;14368;6897;2301;682890;19614;22637;23441;22453;18926;17939;19519;20292;20191;22770;22078;21169;19610;18629;16589;9812;7962;5337;2118;544;331630;19095;21837;22034;21234;17627;18260;20907;21878;20715;23441;22259;21994;21325;20691;19140;12121;11135;9031;4779;1757;351260
"60";"Lot-et-Garonne";"47";"Nouvelle-Aquitaine";5361;15055;18101;19361;17473;13904;14531;17085;18629;17879;20881;22183;23329;23318;23718;21876;14687;12324;9383;4766;1853;330336;7893;9180;9762;9082;7133;7169;8372;9015;8684;10229;10782;11206;10992;11337;10213;6693;5345;3625;1363;400;158475;7162;8921;9599;8391;6771;7362;8713;9614;9195;10652;11401;12123;12326;12381;11663;7994;6979;5758;3403;1453;171861
"61";"Lot";"46";"Occitanie";5217;6514;8020;8960;8367;6129;6807;7729;8700;8729;11085;11853;12866;14220;14062;13341;8404;7427;5600;2978;1375;173166;3346;4139;4494;4360;3308;3428;3889;4324;4316;5496;5775;6251;6933;6871;6474;3891;3225;2153;890;265;83828;3168;3881;4466;4007;2821;3379;3840;4376;4413;5589;6078;6615;7287;7191;6867;4513;4202;3447;2088;1110;89338
"62";"Lozère";"48";"Occitanie";5167;3154;3829;4394;4205;3606;3397;3703;4189;4319;5118;5305;5513;5523;5546;4893;3046;2845;2137;1118;446;76286;1651;1958;2261;2289;1817;1758;1872;2054;2091;2592;2763;2846;2800;2855;2395;1396;1210;767;318;115;37808;1503;1871;2133;1916;1789;1639;1831;2135;2228;2526;2542;2667;2723;2691;2498;1650;1635;1370;800;331;38478
"63";"Maine-et-Loire";"49";"Pays de la Loire";7172;41422;49839;55005;57896;49427;40160;45432;49581;48024;53981;51061;51355;49545;47115;41943;26000;24354;18961;10495;4285;815881;21141;25644;28209;29460;24852;20128;22257;24619;24013;27108;25764;25114;24051;22572;19520;11668;10290;7032;3231;1036;397709;20281;24195;26796;28436;24575;20032;23175;24962;24011;26873;25297;26241;25494;24543;22423;14332;14064;11929;7264;3249;418172
"64";"Manche";"50";"Normandie";5938;22546;26622;29156;27078;20964;22751;25517;27207;26546;31515;33141;35532;35084;34247;31790;18769;18800;14134;6862;2408;490669;11388;13573;14840;14402;11017;11853;12897;13605;13217;15606;16417;17889;17363;16498;14898;8420;7706;4994;1957;483;239023;11158;13049;14316;12676;9947;10898;12620;13602;13329;15909;16724;17643;17721;17749;16892;10349;11094;9140;4905;1925;251646
"65";"Marne";"51";"Grand Est";8162;30191;34561;34457;37486;36589;31606;34309;35029;32956;37450;36292;35717;34031;32988;29996;17033;15334;10808;5187;1803;563823;15217;17452;17704;19360;18775;15752;16981;17287;16425;18453;17846;17556;15862;15116;13846;7430;6129;3701;1432;341;272665;14974;17109;16753;18126;17814;15854;17328;17742;16531;18997;18446;18161;18169;17872;16150;9603;9205;7107;3755;1462;291158
"66";"Martinique";"972";"Martinique";1128;15550;18441;21414;21600;15935;15561;17031;17249;17802;25165;30545;32126;28516;24040;19607;13902;11453;7314;3673;1825;358749;7833;9277;10909;10695;8277;7202;7249;7206;7533;10715;13638;14672;13398;11097;9039;6239;4765;2912;1126;380;164162;7717;9164;10505;10905;7658;8359;9782;10043;10269;14450;16907;17454;15118;12943;10568;7663;6688;4402;2547;1445;194587
"67";"Mayenne";"53";"Pays de la Loire";5175;15655;19227;20728;19258;14478;13770;15943;17648;17792;20447;20177;20203;19825;18906;16974;10260;10264;8065;4132;1613;305365;7970;9732;10653;10216;7766;6955;7870;8861;8930;10330;10181;10154;9919;9125;8010;4634;4273;3187;1267;267;150300;7685;9495;10075;9042;6712;6815;8073;8787;8862;10117;9996;10049;9906;9781;8964;5626;5991;4878;2865;1346;155065
"68";"Mayotte";"976";"Mayotte";376;43940;41023;37373;27921;18026;18625;19139;18558;15587;12545;8151;6617;4594;3152;1775;1259;679;326;87;94;279471;22196;20184;18424;13501;7582;7498;7907;8240;7331;6608;4168;3429;2434;1683;854;603;334;140;46;47;133209;21744;20839;18949;14420;10444;11127;11232;10318;8256;5937;3983;3188;2160;1469;921;656;345;186;41;47;146262
"69";"Meurthe-et-Moselle";"54";"Grand Est";5246;36751;42458;42497;48987;51445;42716;45001;46467;42422;47356;46247;46501;45058;42708;37042;21736;20820;15197;7038;1951;730398;18847;21791;21834;24953;26486;21964;22149;23194;21228;23729;22954;22715;21204;20143;17158;9470;8229;5138;1865;360;355411;17904;20667;20663;24034;24959;20752;22852;23273;21194;23627;23293;23786;23854;22565;19884;12266;12591;10059;5173;1591;374987
"70";"Meuse";"55";"Grand Est";6211;8589;10471;10953;10362;8351;8717;10155;10418;10371;11818;12459;13048;13096;12914;10888;6009;5850;4504;2045;623;181641;4370;5372;5506;5556;4749;4568;5052;5269;5186;5885;6286;6659;6416;6343;5315;2723;2404;1522;511;136;89828;4219;5099;5447;4806;3602;4149;5103;5149;5185;5933;6173;6389;6680;6571;5573;3286;3446;2982;1534;487;91813
"71";"Morbihan";"56";"Bretagne";6823;34639;42173;45823;44018;32844;31552;37936;42955;42807;51450;50599;52957;55073;54410;49802;28672;26721;19125;8773;3237;755566;17824;21433;23534;23183;17888;15811;18790;21336;21263;25497;24895;25843;26431;25610;23156;12726;10733;6468;2273;666;365360;16815;20740;22289;20835;14956;15741;19146;21619;21544;25953;25704;27114;28642;28800;26646;15946;15988;12657;6500;2571;390206
"72";"Moselle";"57";"Grand Est";6216;52229;59116;60008;58328;53412;57735;64674;67704;62511;68994;71999;75462;71227;64651;50986;34126;30710;20578;8896;2520;1035866;26816;30280;30909;30688;28273;28857;32130;33701;31220;34433;35779;36589;34170;30924;23936;15035;12566;7175;2337;509;506327;25413;28836;29099;27640;25139;28878;32544;34003;31291;34561;36220;38873;37057;33727;27050;19091;18144;13403;6559;2011;529539
"73";"Nièvre";"58";"Bourgogne-Franche-Comté";6817;7980;9450;10401;10360;7707;7782;8898;10097;10189;12457;13300;14480;15906;16731;15108;9264;8652;6285;3456;1093;199596;3953;4983;5377;5510;4224;3956;4328;5100;4946;6294;6526;7022;7698;8042;7131;3989;3596;2073;927;215;95890;4027;4467;5024;4850;3483;3826;4570;4997;5243;6163;6774;7458;8208;8689;7977;5275;5056;4212;2529;878;103706
"74";"Nord";"59";"Hauts-de-France";5743;153673;172144;170620;179033;174157;155795;166256;168845;157428;169102;161381;158880;148581;137139;119660;64728;61310;44332;19932;5992;2588988;78818;87885;87366;91169;87082;77396;80886;83253;78036;83527;79381;77289;70028;63045;53547;27446;22959;13996;5007;1105;1249221;74855;84259;83254;87864;87075;78399;85370;85592;79392;85575;82000;81591;78553;74094;66113;37282;38351;30336;14925;4887;1339767
"75";"Oise";"60";"Hauts-de-France";5860;48983;56022;57428;52343;42269;44676;52194;53887;52838;58468;56101;54376;49312;46165;38888;21958;18267;12965;6117;1820;825077;24819;28496;29173;26994;21970;21898;25143;26129;25937;29588;28081;27073;23511;21773;18291;9911;7347;4538;1829;292;402793;24164;27526;28255;25349;20299;22778;27051;27758;26901;28880;28020;27303;25801;24392;20597;12047;10920;8427;4288;1528;422284
"76";"Orne";"61";"Normandie";6103;12269;15185;16646;15730;12076;11845;12946;14914;14762;17910;18581;19488;20092;20194;18393;11048;10694;8425;4348;1357;276903;6388;7689;8574;8167;6442;6139;6439;7450;7342;9089;9279;9636;9932;9889;8678;4786;4372;3094;1375;296;135056;5881;7496;8072;7563;5634;5706;6507;7464;7420;8821;9302;9852;10160;10305;9715;6262;6322;5331;2973;1061;141847
"77";"Paris";"75";"Île-de-France";105;104958;93620;95001;113073;170899;215331;182851;149744;135827;141542;132530;126777;110883;102872;98223;64896;48491;34116;19029;7608;2148271;53295;47350;48269;54305;75732;101926;89335;72694;67431;69659;63420;59200;51069;45811;42834;27945;19525;11813;5426;1578;1008617;51663;46270;46732;58768;95167;113405;93516;77050;68396;71883;69110;67577;59814;57061;55389;36951;28966;22303;13603;6030;1139654
"78";"Pas-de-Calais";"62";"Hauts-de-France";6671;79806;95271;98427;93725;78390;76661;88329;92894;87865;97531;93581;95223;92654;88487;74647;39304;37417;26902;12323;3341;1452778;40513;48735;49746;48808;41325;39010;44001;46111;43289;48905;46756;46778;44174;41042;33318;16496;13758;8077;2966;609;704417;39293;46536;48681;44917;37065;37651;44328;46783;44576;48626;46825;48445;48480;47445;41329;22808;23659;18825;9357;2732;748361
"79";"Puy-de-Dôme";"63";"Auvergne-Rhône-Alpes";7970;32258;36231;37878;41313;40308;34784;38020;39910;38648;44463;43490;42891;42614;41854;37974;23482;19875;14623;7109;2515;660240;16397;18493;19384;20387;20164;17651;19014;19519;19542;22416;21661;20892;20536;19869;17662;10409;7994;4985;1807;488;319270;15861;17738;18494;20926;20144;17133;19006;20391;19106;22047;21829;21999;22078;21985;20312;13073;11881;9638;5302;2027;340970
"80";"Pyrénées-Atlantiques";"64";"Nouvelle-Aquitaine";7645;31084;36218;38651;38992;31690;31664;37410;41146;40940;46968;47556;47386;45492;44637;40739;27526;24391;18263;9125;3291;683169;15754;18743;19689;20381;16475;15850;18253;19989;20322;22972;23202;22584;21795;21090;18590;12095;9997;6666;2627;651;327725;15330;17475;18962;18611;15215;15814;19157;21157;20618;23996;24354;24802;23697;23547;22149;15431;14394;11597;6498;2640;355444
"81";"Pyrénées-Orientales";"66";"Occitanie";4116;22439;26444;27379;25974;21400;21408;24455;26636;26390;31187;31825;32099;32657;33729;33285;22201;17440;13258;6388;2406;479000;11625;13329;13906;13171;10868;10469;11575;12685;12795;15149;15164;15456;15505;15985;15094;10016;7213;4871;1851;495;227222;10814;13115;13473;12803;10532;10939;12880;13951;13595;16038;16661;16643;17152;17744;18191;12185;10227;8387;4537;1911;251778
"82";"Rhône";"69";"Auvergne-Rhône-Alpes";3249;117240;119514;115841;125547;138838;128544;130015;125764;116295;119213;114027;106363;92849;86477;80551;56229;45272;34106;17304;6062;1876051;60052;60762;59351;62250;67381;63383;63127;61356;57273;59859;55791;51222;43133;38680;36404;24706;18687;11860;5013;1313;901603;57188;58752;56490;63297;71457;65161;66888;64408;59022;59354;58236;55141;49716;47797;44147;31523;26585;22246;12291;4749;974448
"83";"Saône-et-Loire";"71";"Bourgogne-Franche-Comté";8575;25011;30465;31953;29960;22136;23851;27608;30611;29592;35785;37691;38647;38652;39372;36506;23611;20222;15545;7907;2699;547824;12956;15504;16355;15896;12118;11905;13673;15096;14827;17578;18478;19098;18717;19007;17104;10709;8324;5650;2251;618;265864;12055;14961;15598;14064;10018;11946;13935;15515;14765;18207;19213;19549;19935;20365;19402;12902;11898;9895;5656;2081;281960
"84";"Sarthe";"72";"Pays de la Loire";6206;28994;34608;36178;35856;28382;26871;29568;32125;32218;37532;36406;36876;36635;35483;31469;19674;17942;14054;7101;2255;560227;14779;17905;18455;18561;14451;13249;14249;15711;16176;18808;18218;18187;17478;17008;14808;8812;7326;5112;2146;481;271920;14215;16703;17723;17295;13931;13622;15319;16414;16042;18724;18188;18689;19157;18475;16661;10862;10616;8942;4955;1774;288307
"85";"Savoie";"73";"Auvergne-Rhône-Alpes";6028;22025;25237;25984;25100;22214;21474;25129;27196;26845;30647;30272;29653;27935;25927;22860;15657;12543;9498;4805;1547;432548;11451;12722;13149;13118;11748;10703;12313;13356;13264;15447;15114;14762;13474;12482;10690;7070;5110;3446;1376;339;211134;10574;12515;12835;11982;10466;10771;12816;13840;13581;15200;15158;14891;14461;13445;12170;8587;7433;6052;3429;1208;221414
"86";"Seine-et-Marne";"77";"Île-de-France";5915;91756;102206;102520;95543;82131;83196;93881;98544;94424;102303;95000;90341;76699;66623;56446;34428;26755;18839;9066;2906;1423607;46744;52322;52575;48547;41215;39858;44498;47142;45778;50494;46451;44237;36855;31175;26613;15299;11048;6545;2548;591;690535;45012;49884;49945;46996;40916;43338;49383;51402;48646;51809;48549;46104;39844;35448;29833;19129;15707;12294;6518;2315;733072
"87";"Seine-Maritime";"76";"Normandie";6278;68897;76958;77834;80279;72968;69080;74915;77644;71444;79935;79394;79685;77692;75020;65404;39775;34702;25266;12464;4432;1243788;35025;39153;40417;40829;36655;34266;36237;38000;35559;39255;39084;38459;36348;34969;29709;17377;13269;8268;3354;857;597090;33872;37805;37417;39450;36313;34814;38678;39644;35885;40680;40310;41226;41344;40051;35695;22398;21433;16998;9110;3575;646698
"88";"Seine-Saint-Denis";"93";"Île-de-France";236;130803;127706;117003;109520;105890;116400;127784;128225;119303;111697;102409;94783;78405;65255;51275;31866;24679;16830;7304;3012;1670149;66303;64798;59391;55847;52742;55938;61192;62940;60850;57205;51671;46599;38033;30532;25020;15135;10061;5739;2160;615;822771;64500;62908;57612;53673;53148;60462;66592;65285;58453;54492;50738;48184;40372;34723;26255;16731;14618;11091;5144;2397;847378
"89";"Somme";"80";"Hauts-de-France";6170;29286;34254;35116;39555;36536;30964;32929;34524;33244;37938;37064;36506;35831;34903;30000;17445;15261;11104;5439;1870;569769;15113;17541;18159;20193;18329;15420;16281;17087;16335;18840;18400;17967;17093;16733;13681;7719;5991;3660;1455;378;276375;14173;16713;16957;19362;18207;15544;16648;17437;16909;19098;18664;18539;18738;18170;16319;9726;9270;7444;3984;1492;293394
"90";"Tarn-et-Garonne";"82";"Occitanie";3718;13660;16491;17967;15441;11244;11727;13904;16148;16732;18300;17627;17695;16858;16693;14495;9336;7921;6076;3233;1070;262618;6999;8441;9359;8016;5938;5997;6685;7883;8258;9081;8756;8743;8171;8012;6990;4326;3377;2229;963;230;128454;6661;8050;8608;7425;5306;5730;7219;8265;8474;9219;8871;8952;8687;8681;7505;5010;4544;3847;2270;840;134164
"91";"Tarn";"81";"Occitanie";5758;17508;21674;23442;22249;16807;16270;19467;21967;22497;26084;26817;26951;26784;26379;24116;15421;14164;11556;5808;1937;387898;8962;11005;11991;11269;8715;7971;9334;10759;11041;12784;13074;13166;12883;12726;11245;6890;5907;4293;1764;408;186187;8546;10669;11451;10980;8092;8299;10133;11208;11456;13300;13743;13785;13901;13653;12871;8531;8257;7263;4044;1529;201711
"92";"Territoire de Belfort";"90";"Bourgogne-Franche-Comté";609;7363;8239;8760;8804;7599;8158;8110;8686;8385;9569;9396;9016;8988;8307;7344;4601;4134;2899;1344;443;140145;3772;4246;4530;4925;4354;4312;4038;4233;4185;4830;4724;4273;4395;3850;3460;1990;1715;1039;355;76;69302;3591;3993;4230;3879;3245;3846;4072;4453;4200;4739;4672;4743;4593;4457;3884;2611;2419;1860;989;367;70843
"93";"Val-d'Oise";"95";"Île-de-France";1246;91209;93856;89280;83180;74975;76531;86201;88915;84429;83509;78257;76754;65805;55323;45137;26895;21880;15804;7711;2703;1248354;46274;47570;44876;42654;37240;36193;40444;42604;41148;41722;37878;37002;30951;26263;21019;12167;9130;5542;2194;582;603453;44935;46286;44404;40526;37735;40338;45757;46311;43281;41787;40379;39752;34854;29060;24118;14728;12750;10262;5517;2121;644901
"94";"Val-de-Marne";"94";"Île-de-France";245;92725;91757;87558;87560;92603;96273;101777;99471;94202;95448;91083;87466;73435;61325;53054;34793;28680;21783;10577;4471;1406041;47388;46875;44434;44974;46456;46716;48051;47445;45814;47265;44249;42003;34486;28127;23988;15285;11203;7466;2971;876;676072;45337;44882;43124;42586;46147;49557;53726;52026;48388;48183;46834;45463;38949;33198;29066;19508;17477;14317;7606;3595;729969
"95";"Var";"83";"Provence-Alpes-Côte d'Azur";5973;50696;57547;59360;56613;46865;48220;57293;62983;60384;70940;71756;73762;72726;73312;72201;53309;39694;28485;13557;4133;1073836;26197;29680;30629;29835;25072;23773;27724;30172;29482;34273;34536;35328;34312;34309;32985;23586;17179;10898;3891;777;514638;24499;27867;28731;26778;21793;24447;29569;32811;30902;36667;37220;38434;38414;39003;39216;29723;22515;17587;9666;3356;559198
"96";"Vaucluse";"84";"Provence-Alpes-Côte d'Azur";3567;29982;34016;35505;32708;27107;27578;30738;33184;32585;37445;38704;38513;36344;35290;31933;21947;16998;12530;6010;1880;560997;15297;17441;18175;17011;13589;13322;14791;16031;15669;18310;18635;18485;16794;16976;14927;9884;7090;4773;1755;386;269341;14685;16575;17330;15697;13518;14256;15947;17153;16916;19135;20069;20028;19550;18314;17006;12063;9908;7757;4255;1494;291656
"97";"Vendée";"85";"Pays de la Loire";6720;31989;40008;44011;39154;27876;29084;35032;40688;41204;45370;44282;45521;47935;49126;45117;26284;23205;16707;8261;2333;683187;16466;20468;22430;20500;14373;14590;17214;20244;20682;22680;22211;21942;23143;23657;21297;11922;9832;6107;2117;471;332346;15523;19540;21581;18654;13503;14494;17818;20444;20522;22690;22071;23579;24792;25469;23820;14362;13373;10600;6144;1862;350841
"98";"Vienne";"86";"Nouvelle-Aquitaine";6990;20954;24599;25756;30053;29890;21569;23239;25478;24428;28499;27495;27862;28304;27405;23771;15115;14089;10827;5789;2276;437398;10602;12502;13238;14733;14749;10970;11463;12420;11914;14095;13525;13542;13688;13075;11319;6736;5860;4082;1556;461;210530;10352;12097;12518;15320;15141;10599;11776;13058;12514;14404;13970;14320;14616;14330;12452;8379;8229;6745;4233;1815;226868
"99";"Vosges";"88";"Grand Est";5874;16128;18953;21331;20630;15759;15975;18510;20030;19547;23704;25148;26341;26457;25999;23464;13069;13110;9517;4421;1427;359520;8344;9732;10830;10829;8500;8195;9179;9917;9674;11937;12671;12945;12766;12698;11016;5884;5314;3076;1090;269;174866;7784;9221;10501;9801;7259;7780;9331;10113;9873;11767;12477;13396;13691;13301;12448;7185;7796;6441;3331;1158;184654
"100";"Yonne";"89";"Bourgogne-Franche-Comté";7427;16094;19051;20615;18231;13430;14639;17644;19262;18920;21988;22626;22625;23463;24006;21497;12690;11373;8314;4216;1412;332096;8246;9913;10580;9759;7208;7407;8661;9546;9281;10880;11141;11099;11466;11647;10322;5798;4803;2911;1080;326;162074;7848;9138;10035;8472;6222;7232;8983;9716;9639;11108;11485;11526;11997;12359;11175;6892;6570;5403;3136;1086;170022
"101";"Yvelines";"78";"Île-de-France";2284;90846;99774;101053;94141;78398;79205;88157;95934;98323;103818;98548;93497;78301;68519;62672;42980;34900;23898;11920;3741;1448625;46337;51223;51821;47899;40328;39058;41846;46172;48561;51683;48034;45561;36656;31601;28952;19507;14389;8589;3773;885;702875;44509;48551;49232;46242;38070;40147;46311;49762;49762;52135;50514;47936;41645;36918;33720;23473;20511;15309;8147;2856;745750
